strategy,n_tasks,trials,correct_rate,correct_rate_lo,correct_rate_hi,mean_wall_s,mean_wall_s_lo,mean_wall_s_hi,mean_tokens,mean_tokens_lo,mean_tokens_hi,wasted_rate,wasted_rate_lo,wasted_rate_hi,fp_stalls_per_trial,fp_stalls_per_trial_lo,fp_stalls_per_trial_hi
adaptive_lease,16,78,0.782,0.692,0.872,63.3,50.4,77.8,77267.0,60972.0,95874.0,0.024,0.011,0.037,0.0,0.0,0.0
ast_dep,16,80,0.6,0.488,0.712,94.0,65.6,128.9,80202.0,59294.0,105876.0,0.025,0.012,0.04,0.0,0.0,0.0
ast_scope,16,80,0.612,0.5,0.725,90.9,63.0,125.8,85698.0,61415.0,111630.0,0.025,0.013,0.042,0.0,0.0,0.0
file_lock,16,80,0.9,0.825,0.962,174.2,123.6,225.8,79787.0,60623.0,101930.0,0.007,0.001,0.016,0.662,0.162,1.313
git_hash,16,80,0.85,0.775,0.925,63.0,49.1,84.8,74116.0,54302.0,95465.0,0.031,0.018,0.045,0.0,0.0,0.0
naive,16,80,0.7,0.6,0.8,57.1,46.7,68.1,78339.0,56636.0,103940.0,0.008,0.004,0.013,0.0,0.0,0.0
notify,16,80,0.8,0.712,0.888,51.8,44.3,59.3,72695.0,55294.0,92559.0,0.006,0.002,0.01,0.0,0.0,0.0
peer_broker,16,80,0.638,0.538,0.738,68.7,59.4,78.0,91328.0,70249.0,113829.0,0.014,0.009,0.02,0.075,0.025,0.138
peer_contract,16,80,0.838,0.75,0.912,71.6,55.5,92.3,106733.0,74765.0,142604.0,0.027,0.018,0.038,0.1,0.025,0.212
